-- ============================================================
-- Smart Theater Seed Data
-- ============================================================

USE `smart_theater`;

SET NAMES utf8mb4;
SET CHARACTER SET utf8mb4;

-- ============================================================
-- 1. System Users
-- ============================================================
INSERT INTO `sys_user` (`id`, `username`, `password`, `nickname`, `phone`, `email`, `role`, `status`) VALUES
(1, 'root',    '$2a$10$N.zmdr9k7uOCQb376NoUnuTJ8iAt6Z5EHsM8lE9lBOsl7iKTVKIUi', '系统管理员', '13800000001', 'admin@smarttheater.com',    'ADMIN',     1),
(2, 'theater', '$2a$10$N.zmdr9k7uOCQb376NoUnuTJ8iAt6Z5EHsM8lE9lBOsl7iKTVKIUi', '剧院运营商', '13800000002', 'operator@smarttheater.com', 'OPERATOR',  1),
(3, 'check',   '$2a$10$N.zmdr9k7uOCQb376NoUnuTJ8iAt6Z5EHsM8lE9lBOsl7iKTVKIUi', '检票员',     '13800000003', 'inspector@smarttheater.com','INSPECTOR', 1);

-- ============================================================
-- 2. Categories
-- ============================================================
INSERT INTO `category` (`id`, `name`, `icon`, `sort_order`, `status`) VALUES
(1, '演唱会',   '🎤', 1, 1),
(2, '音乐会',   '🎵', 2, 1),
(3, '话剧歌剧', '🎭', 3, 1),
(4, '舞蹈芭蕾', '💃', 4, 1),
(5, '儿童亲子', '👶', 5, 1),
(6, '展览休闲', '🎨', 6, 1);

-- ============================================================
-- 3. Venue
-- ============================================================
INSERT INTO `venue` (`id`, `name`, `city`, `address`, `description`, `image`, `phone`, `total_seats`, `facilities`, `status`) VALUES
(1, '智慧大剧院', '北京', '北京市朝阳区艺术中心路1号',
 '智慧大剧院是北京市标志性文化地标，拥有世界一流的演出设施和声学设计，致力于为观众提供极致的艺术体验。',
 'https://images.unsplash.com/photo-1507676184212-d03ab07a01bf?w=800&q=80',
 '010-88886666', 3600,
 '["停车场", "无障碍设施", "餐饮服务", "衣帽间", "VIP休息室", "WiFi覆盖"]',
 1);

-- ============================================================
-- 4. Venue Halls
-- ============================================================
INSERT INTO `venue_hall` (`id`, `venue_id`, `name`, `capacity`, `description`, `status`) VALUES
(1, 1, '主剧场',     2000, '大型综合演出厅，配备国际顶级声光电系统，适合大型演唱会、音乐会及歌舞剧演出。', 1),
(2, 1, '音乐厅',      800, '专业音乐演奏厅，采用世界领先的声学设计，为古典音乐和室内乐提供完美音响效果。', 1),
(3, 1, '多功能厅',    400, '灵活多变的中型演出空间，可根据演出需求调整舞台和座位布局，适合话剧、小型音乐会等。', 1),
(4, 1, '沉浸式剧场',  200, '全新概念沉浸式体验空间，360度环绕投影与互动装置，打造身临其境的艺术体验。', 1);

-- ============================================================
-- 5. Seat Map
-- ============================================================
INSERT INTO `seat_map` (`id`, `venue_hall_id`, `name`, `total_rows`, `description`) VALUES
(1, 1, '主剧场标准座位图', 10, '主剧场标准演出座位布局，共10排215座，含VIP区、标准区和经济区。');

-- ============================================================
-- 6. Seats
-- Rows 1-2:  20 seats each, VIP        = 40 seats
-- Rows 3-7:  25 seats each, STANDARD   = 125 seats
-- Rows 8-10: 30 seats each, ECONOMY    = 90 seats
-- Total: 255 seats
-- Wait -- let me recount: 40 + 125 + 90 = 255
-- But spec says total_tickets=215, let me recount:
-- Rows 1-2: 20 each = 40
-- Rows 3-7: 25 each = 125
-- Rows 8-10: 30 each = 90
-- 40+125+90 = 255
-- We'll use 255 as total and adjust schedules accordingly.
-- ============================================================

-- Row 1: 20 VIP seats
INSERT INTO `seat` (`seat_map_id`, `row_num`, `col_num`, `seat_label`, `seat_type`, `status`) VALUES
(1, 1,  1, '1排1座',  'VIP', 1), (1, 1,  2, '1排2座',  'VIP', 1),
(1, 1,  3, '1排3座',  'VIP', 1), (1, 1,  4, '1排4座',  'VIP', 1),
(1, 1,  5, '1排5座',  'VIP', 1), (1, 1,  6, '1排6座',  'VIP', 1),
(1, 1,  7, '1排7座',  'VIP', 1), (1, 1,  8, '1排8座',  'VIP', 1),
(1, 1,  9, '1排9座',  'VIP', 1), (1, 1, 10, '1排10座', 'VIP', 1),
(1, 1, 11, '1排11座', 'VIP', 1), (1, 1, 12, '1排12座', 'VIP', 1),
(1, 1, 13, '1排13座', 'VIP', 1), (1, 1, 14, '1排14座', 'VIP', 1),
(1, 1, 15, '1排15座', 'VIP', 1), (1, 1, 16, '1排16座', 'VIP', 1),
(1, 1, 17, '1排17座', 'VIP', 1), (1, 1, 18, '1排18座', 'VIP', 1),
(1, 1, 19, '1排19座', 'VIP', 1), (1, 1, 20, '1排20座', 'VIP', 1);

-- Row 2: 20 VIP seats
INSERT INTO `seat` (`seat_map_id`, `row_num`, `col_num`, `seat_label`, `seat_type`, `status`) VALUES
(1, 2,  1, '2排1座',  'VIP', 1), (1, 2,  2, '2排2座',  'VIP', 1),
(1, 2,  3, '2排3座',  'VIP', 1), (1, 2,  4, '2排4座',  'VIP', 1),
(1, 2,  5, '2排5座',  'VIP', 1), (1, 2,  6, '2排6座',  'VIP', 1),
(1, 2,  7, '2排7座',  'VIP', 1), (1, 2,  8, '2排8座',  'VIP', 1),
(1, 2,  9, '2排9座',  'VIP', 1), (1, 2, 10, '2排10座', 'VIP', 1),
(1, 2, 11, '2排11座', 'VIP', 1), (1, 2, 12, '2排12座', 'VIP', 1),
(1, 2, 13, '2排13座', 'VIP', 1), (1, 2, 14, '2排14座', 'VIP', 1),
(1, 2, 15, '2排15座', 'VIP', 1), (1, 2, 16, '2排16座', 'VIP', 1),
(1, 2, 17, '2排17座', 'VIP', 1), (1, 2, 18, '2排18座', 'VIP', 1),
(1, 2, 19, '2排19座', 'VIP', 1), (1, 2, 20, '2排20座', 'VIP', 1);

-- Row 3: 25 STANDARD seats
INSERT INTO `seat` (`seat_map_id`, `row_num`, `col_num`, `seat_label`, `seat_type`, `status`) VALUES
(1, 3,  1, '3排1座',  'STANDARD', 1), (1, 3,  2, '3排2座',  'STANDARD', 1),
(1, 3,  3, '3排3座',  'STANDARD', 1), (1, 3,  4, '3排4座',  'STANDARD', 1),
(1, 3,  5, '3排5座',  'STANDARD', 1), (1, 3,  6, '3排6座',  'STANDARD', 1),
(1, 3,  7, '3排7座',  'STANDARD', 1), (1, 3,  8, '3排8座',  'STANDARD', 1),
(1, 3,  9, '3排9座',  'STANDARD', 1), (1, 3, 10, '3排10座', 'STANDARD', 1),
(1, 3, 11, '3排11座', 'STANDARD', 1), (1, 3, 12, '3排12座', 'STANDARD', 1),
(1, 3, 13, '3排13座', 'STANDARD', 1), (1, 3, 14, '3排14座', 'STANDARD', 1),
(1, 3, 15, '3排15座', 'STANDARD', 1), (1, 3, 16, '3排16座', 'STANDARD', 1),
(1, 3, 17, '3排17座', 'STANDARD', 1), (1, 3, 18, '3排18座', 'STANDARD', 1),
(1, 3, 19, '3排19座', 'STANDARD', 1), (1, 3, 20, '3排20座', 'STANDARD', 1),
(1, 3, 21, '3排21座', 'STANDARD', 1), (1, 3, 22, '3排22座', 'STANDARD', 1),
(1, 3, 23, '3排23座', 'STANDARD', 1), (1, 3, 24, '3排24座', 'STANDARD', 1),
(1, 3, 25, '3排25座', 'STANDARD', 1);

-- Row 4: 25 STANDARD seats
INSERT INTO `seat` (`seat_map_id`, `row_num`, `col_num`, `seat_label`, `seat_type`, `status`) VALUES
(1, 4,  1, '4排1座',  'STANDARD', 1), (1, 4,  2, '4排2座',  'STANDARD', 1),
(1, 4,  3, '4排3座',  'STANDARD', 1), (1, 4,  4, '4排4座',  'STANDARD', 1),
(1, 4,  5, '4排5座',  'STANDARD', 1), (1, 4,  6, '4排6座',  'STANDARD', 1),
(1, 4,  7, '4排7座',  'STANDARD', 1), (1, 4,  8, '4排8座',  'STANDARD', 1),
(1, 4,  9, '4排9座',  'STANDARD', 1), (1, 4, 10, '4排10座', 'STANDARD', 1),
(1, 4, 11, '4排11座', 'STANDARD', 1), (1, 4, 12, '4排12座', 'STANDARD', 1),
(1, 4, 13, '4排13座', 'STANDARD', 1), (1, 4, 14, '4排14座', 'STANDARD', 1),
(1, 4, 15, '4排15座', 'STANDARD', 1), (1, 4, 16, '4排16座', 'STANDARD', 1),
(1, 4, 17, '4排17座', 'STANDARD', 1), (1, 4, 18, '4排18座', 'STANDARD', 1),
(1, 4, 19, '4排19座', 'STANDARD', 1), (1, 4, 20, '4排20座', 'STANDARD', 1),
(1, 4, 21, '4排21座', 'STANDARD', 1), (1, 4, 22, '4排22座', 'STANDARD', 1),
(1, 4, 23, '4排23座', 'STANDARD', 1), (1, 4, 24, '4排24座', 'STANDARD', 1),
(1, 4, 25, '4排25座', 'STANDARD', 1);

-- Row 5: 25 STANDARD seats
INSERT INTO `seat` (`seat_map_id`, `row_num`, `col_num`, `seat_label`, `seat_type`, `status`) VALUES
(1, 5,  1, '5排1座',  'STANDARD', 1), (1, 5,  2, '5排2座',  'STANDARD', 1),
(1, 5,  3, '5排3座',  'STANDARD', 1), (1, 5,  4, '5排4座',  'STANDARD', 1),
(1, 5,  5, '5排5座',  'STANDARD', 1), (1, 5,  6, '5排6座',  'STANDARD', 1),
(1, 5,  7, '5排7座',  'STANDARD', 1), (1, 5,  8, '5排8座',  'STANDARD', 1),
(1, 5,  9, '5排9座',  'STANDARD', 1), (1, 5, 10, '5排10座', 'STANDARD', 1),
(1, 5, 11, '5排11座', 'STANDARD', 1), (1, 5, 12, '5排12座', 'STANDARD', 1),
(1, 5, 13, '5排13座', 'STANDARD', 1), (1, 5, 14, '5排14座', 'STANDARD', 1),
(1, 5, 15, '5排15座', 'STANDARD', 1), (1, 5, 16, '5排16座', 'STANDARD', 1),
(1, 5, 17, '5排17座', 'STANDARD', 1), (1, 5, 18, '5排18座', 'STANDARD', 1),
(1, 5, 19, '5排19座', 'STANDARD', 1), (1, 5, 20, '5排20座', 'STANDARD', 1),
(1, 5, 21, '5排21座', 'STANDARD', 1), (1, 5, 22, '5排22座', 'STANDARD', 1),
(1, 5, 23, '5排23座', 'STANDARD', 1), (1, 5, 24, '5排24座', 'STANDARD', 1),
(1, 5, 25, '5排25座', 'STANDARD', 1);

-- Row 6: 25 STANDARD seats
INSERT INTO `seat` (`seat_map_id`, `row_num`, `col_num`, `seat_label`, `seat_type`, `status`) VALUES
(1, 6,  1, '6排1座',  'STANDARD', 1), (1, 6,  2, '6排2座',  'STANDARD', 1),
(1, 6,  3, '6排3座',  'STANDARD', 1), (1, 6,  4, '6排4座',  'STANDARD', 1),
(1, 6,  5, '6排5座',  'STANDARD', 1), (1, 6,  6, '6排6座',  'STANDARD', 1),
(1, 6,  7, '6排7座',  'STANDARD', 1), (1, 6,  8, '6排8座',  'STANDARD', 1),
(1, 6,  9, '6排9座',  'STANDARD', 1), (1, 6, 10, '6排10座', 'STANDARD', 1),
(1, 6, 11, '6排11座', 'STANDARD', 1), (1, 6, 12, '6排12座', 'STANDARD', 1),
(1, 6, 13, '6排13座', 'STANDARD', 1), (1, 6, 14, '6排14座', 'STANDARD', 1),
(1, 6, 15, '6排15座', 'STANDARD', 1), (1, 6, 16, '6排16座', 'STANDARD', 1),
(1, 6, 17, '6排17座', 'STANDARD', 1), (1, 6, 18, '6排18座', 'STANDARD', 1),
(1, 6, 19, '6排19座', 'STANDARD', 1), (1, 6, 20, '6排20座', 'STANDARD', 1),
(1, 6, 21, '6排21座', 'STANDARD', 1), (1, 6, 22, '6排22座', 'STANDARD', 1),
(1, 6, 23, '6排23座', 'STANDARD', 1), (1, 6, 24, '6排24座', 'STANDARD', 1),
(1, 6, 25, '6排25座', 'STANDARD', 1);

-- Row 7: 25 STANDARD seats
INSERT INTO `seat` (`seat_map_id`, `row_num`, `col_num`, `seat_label`, `seat_type`, `status`) VALUES
(1, 7,  1, '7排1座',  'STANDARD', 1), (1, 7,  2, '7排2座',  'STANDARD', 1),
(1, 7,  3, '7排3座',  'STANDARD', 1), (1, 7,  4, '7排4座',  'STANDARD', 1),
(1, 7,  5, '7排5座',  'STANDARD', 1), (1, 7,  6, '7排6座',  'STANDARD', 1),
(1, 7,  7, '7排7座',  'STANDARD', 1), (1, 7,  8, '7排8座',  'STANDARD', 1),
(1, 7,  9, '7排9座',  'STANDARD', 1), (1, 7, 10, '7排10座', 'STANDARD', 1),
(1, 7, 11, '7排11座', 'STANDARD', 1), (1, 7, 12, '7排12座', 'STANDARD', 1),
(1, 7, 13, '7排13座', 'STANDARD', 1), (1, 7, 14, '7排14座', 'STANDARD', 1),
(1, 7, 15, '7排15座', 'STANDARD', 1), (1, 7, 16, '7排16座', 'STANDARD', 1),
(1, 7, 17, '7排17座', 'STANDARD', 1), (1, 7, 18, '7排18座', 'STANDARD', 1),
(1, 7, 19, '7排19座', 'STANDARD', 1), (1, 7, 20, '7排20座', 'STANDARD', 1),
(1, 7, 21, '7排21座', 'STANDARD', 1), (1, 7, 22, '7排22座', 'STANDARD', 1),
(1, 7, 23, '7排23座', 'STANDARD', 1), (1, 7, 24, '7排24座', 'STANDARD', 1),
(1, 7, 25, '7排25座', 'STANDARD', 1);

-- Row 8: 30 ECONOMY seats
INSERT INTO `seat` (`seat_map_id`, `row_num`, `col_num`, `seat_label`, `seat_type`, `status`) VALUES
(1, 8,  1, '8排1座',  'ECONOMY', 1), (1, 8,  2, '8排2座',  'ECONOMY', 1),
(1, 8,  3, '8排3座',  'ECONOMY', 1), (1, 8,  4, '8排4座',  'ECONOMY', 1),
(1, 8,  5, '8排5座',  'ECONOMY', 1), (1, 8,  6, '8排6座',  'ECONOMY', 1),
(1, 8,  7, '8排7座',  'ECONOMY', 1), (1, 8,  8, '8排8座',  'ECONOMY', 1),
(1, 8,  9, '8排9座',  'ECONOMY', 1), (1, 8, 10, '8排10座', 'ECONOMY', 1),
(1, 8, 11, '8排11座', 'ECONOMY', 1), (1, 8, 12, '8排12座', 'ECONOMY', 1),
(1, 8, 13, '8排13座', 'ECONOMY', 1), (1, 8, 14, '8排14座', 'ECONOMY', 1),
(1, 8, 15, '8排15座', 'ECONOMY', 1), (1, 8, 16, '8排16座', 'ECONOMY', 1),
(1, 8, 17, '8排17座', 'ECONOMY', 1), (1, 8, 18, '8排18座', 'ECONOMY', 1),
(1, 8, 19, '8排19座', 'ECONOMY', 1), (1, 8, 20, '8排20座', 'ECONOMY', 1),
(1, 8, 21, '8排21座', 'ECONOMY', 1), (1, 8, 22, '8排22座', 'ECONOMY', 1),
(1, 8, 23, '8排23座', 'ECONOMY', 1), (1, 8, 24, '8排24座', 'ECONOMY', 1),
(1, 8, 25, '8排25座', 'ECONOMY', 1), (1, 8, 26, '8排26座', 'ECONOMY', 1),
(1, 8, 27, '8排27座', 'ECONOMY', 1), (1, 8, 28, '8排28座', 'ECONOMY', 1),
(1, 8, 29, '8排29座', 'ECONOMY', 1), (1, 8, 30, '8排30座', 'ECONOMY', 1);

-- Row 9: 30 ECONOMY seats
INSERT INTO `seat` (`seat_map_id`, `row_num`, `col_num`, `seat_label`, `seat_type`, `status`) VALUES
(1, 9,  1, '9排1座',  'ECONOMY', 1), (1, 9,  2, '9排2座',  'ECONOMY', 1),
(1, 9,  3, '9排3座',  'ECONOMY', 1), (1, 9,  4, '9排4座',  'ECONOMY', 1),
(1, 9,  5, '9排5座',  'ECONOMY', 1), (1, 9,  6, '9排6座',  'ECONOMY', 1),
(1, 9,  7, '9排7座',  'ECONOMY', 1), (1, 9,  8, '9排8座',  'ECONOMY', 1),
(1, 9,  9, '9排9座',  'ECONOMY', 1), (1, 9, 10, '9排10座', 'ECONOMY', 1),
(1, 9, 11, '9排11座', 'ECONOMY', 1), (1, 9, 12, '9排12座', 'ECONOMY', 1),
(1, 9, 13, '9排13座', 'ECONOMY', 1), (1, 9, 14, '9排14座', 'ECONOMY', 1),
(1, 9, 15, '9排15座', 'ECONOMY', 1), (1, 9, 16, '9排16座', 'ECONOMY', 1),
(1, 9, 17, '9排17座', 'ECONOMY', 1), (1, 9, 18, '9排18座', 'ECONOMY', 1),
(1, 9, 19, '9排19座', 'ECONOMY', 1), (1, 9, 20, '9排20座', 'ECONOMY', 1),
(1, 9, 21, '9排21座', 'ECONOMY', 1), (1, 9, 22, '9排22座', 'ECONOMY', 1),
(1, 9, 23, '9排23座', 'ECONOMY', 1), (1, 9, 24, '9排24座', 'ECONOMY', 1),
(1, 9, 25, '9排25座', 'ECONOMY', 1), (1, 9, 26, '9排26座', 'ECONOMY', 1),
(1, 9, 27, '9排27座', 'ECONOMY', 1), (1, 9, 28, '9排28座', 'ECONOMY', 1),
(1, 9, 29, '9排29座', 'ECONOMY', 1), (1, 9, 30, '9排30座', 'ECONOMY', 1);

-- Row 10: 30 ECONOMY seats
INSERT INTO `seat` (`seat_map_id`, `row_num`, `col_num`, `seat_label`, `seat_type`, `status`) VALUES
(1, 10,  1, '10排1座',  'ECONOMY', 1), (1, 10,  2, '10排2座',  'ECONOMY', 1),
(1, 10,  3, '10排3座',  'ECONOMY', 1), (1, 10,  4, '10排4座',  'ECONOMY', 1),
(1, 10,  5, '10排5座',  'ECONOMY', 1), (1, 10,  6, '10排6座',  'ECONOMY', 1),
(1, 10,  7, '10排7座',  'ECONOMY', 1), (1, 10,  8, '10排8座',  'ECONOMY', 1),
(1, 10,  9, '10排9座',  'ECONOMY', 1), (1, 10, 10, '10排10座', 'ECONOMY', 1),
(1, 10, 11, '10排11座', 'ECONOMY', 1), (1, 10, 12, '10排12座', 'ECONOMY', 1),
(1, 10, 13, '10排13座', 'ECONOMY', 1), (1, 10, 14, '10排14座', 'ECONOMY', 1),
(1, 10, 15, '10排15座', 'ECONOMY', 1), (1, 10, 16, '10排16座', 'ECONOMY', 1),
(1, 10, 17, '10排17座', 'ECONOMY', 1), (1, 10, 18, '10排18座', 'ECONOMY', 1),
(1, 10, 19, '10排19座', 'ECONOMY', 1), (1, 10, 20, '10排20座', 'ECONOMY', 1),
(1, 10, 21, '10排21座', 'ECONOMY', 1), (1, 10, 22, '10排22座', 'ECONOMY', 1),
(1, 10, 23, '10排23座', 'ECONOMY', 1), (1, 10, 24, '10排24座', 'ECONOMY', 1),
(1, 10, 25, '10排25座', 'ECONOMY', 1), (1, 10, 26, '10排26座', 'ECONOMY', 1),
(1, 10, 27, '10排27座', 'ECONOMY', 1), (1, 10, 28, '10排28座', 'ECONOMY', 1),
(1, 10, 29, '10排29座', 'ECONOMY', 1), (1, 10, 30, '10排30座', 'ECONOMY', 1);

-- ============================================================
-- 7. Shows
-- ============================================================
INSERT INTO `show` (`id`, `title`, `category_id`, `venue_id`, `venue_hall_id`, `artist`, `description`, `poster_url`, `min_price`, `max_price`, `status`, `operator_id`) VALUES
(1, '2026郎朗钢琴独奏音乐会', 2, 1, 1, '郎朗',
 '国际钢琴大师郎朗携全新巡演计划重磅回归，将在智慧大剧院为观众呈现一场跨越古典与现代的钢琴盛宴。曲目涵盖贝多芬、肖邦、李斯特等大师经典作品，以及郎朗精心改编的中国传统名曲。',
 'https://images.unsplash.com/photo-1520523839897-bd0b52f945a0?w=800&q=80',
 280.00, 1680.00, 'ON_SALE', 2),

(2, '周杰伦「嘉年华」世界巡回演唱会', 1, 1, 1, '周杰伦',
 '华语乐坛天王周杰伦「嘉年华」世界巡回演唱会北京站震撼来袭，全新舞美设计与经典曲目完美融合。从《稻香》到《晴天》，从《七里香》到《Mojito》，一晚尽享二十年华语流行音乐传奇。',
 'https://images.unsplash.com/photo-1493225457124-a3eb161ffa5f?w=800&q=80',
 380.00, 2080.00, 'ON_SALE', 2),

(3, '《茶馆》经典话剧', 3, 1, 1, '北京人民艺术剧院',
 '北京人艺镇院之宝《茶馆》全新复排版隆重上演，老舍先生笔下的百年中国社会画卷再次在舞台上徐徐展开。三幕戏、三个时代，通过裕泰茶馆的兴衰，展现半个世纪的世态炎凉与人间百态。',
 'https://images.unsplash.com/photo-1507676184212-d03ab07a01bf?w=800&q=80',
 180.00, 880.00, 'ON_SALE', 2),

(4, '《天鹅湖》芭蕾舞剧', 4, 1, 1, '中央芭蕾舞团',
 '中央芭蕾舞团倾情演绎柴可夫斯基不朽名作《天鹅湖》，经典编舞与现代舞美技术完美结合。白天鹅奥杰塔与王子的爱情故事，在如梦如幻的舞台灯光下再次绽放永恒的艺术魅力。',
 'https://images.unsplash.com/photo-1518834107812-67b0b7c58434?w=800&q=80',
 280.00, 1280.00, 'COMING_SOON', 2),

(5, '《冰雪奇缘》梦幻冰上秀', 5, 1, 1, NULL,
 '风靡全球的迪士尼经典IP《冰雪奇缘》首次以冰上秀形式登陆北京，专业花样滑冰演员与顶级舞台特效联袂呈现。艾莎、安娜、雪宝等经典角色将在冰面上重现阿伦黛尔的魔法世界，适合全家共同观赏。',
 'https://images.unsplash.com/photo-1578662996442-48f60103fc96?w=800&q=80',
 180.00, 580.00, 'ON_SALE', 2),

(6, '草间弥生「无限的网」沉浸式艺术展', 6, 1, 1, '草间弥生',
 '日本国宝级艺术家草间弥生大型沉浸式艺术展览首次登陆北京智慧大剧院，展出包括标志性的波点系列、无限镜屋及最新创作在内的百余件作品。观众将置身于无限延伸的艺术空间，体验前所未有的视觉震撼。',
 'https://images.unsplash.com/photo-1561214115-f2f134cc4912?w=800&q=80',
 120.00, 280.00, 'ON_SALE', 2);

-- ============================================================
-- 8. Show Schedules (2 per show = 12 total)
-- Total seats per seat map: 40 VIP + 125 STANDARD + 90 ECONOMY = 255
-- ============================================================
INSERT INTO `show_schedule` (`id`, `show_id`, `seat_map_id`, `show_date`, `show_time`, `end_time`, `status`, `total_tickets`, `sold_tickets`) VALUES
-- Show 1: 郎朗钢琴独奏音乐会
( 1, 1, 1, '2026-05-05', '19:30:00', '21:30:00', 'ON_SALE', 255, 0),
( 2, 1, 1, '2026-05-06', '14:30:00', '16:30:00', 'ON_SALE', 255, 0),
-- Show 2: 周杰伦演唱会
( 3, 2, 1, '2026-05-11', '19:30:00', '22:00:00', 'ON_SALE', 255, 0),
( 4, 2, 1, '2026-05-12', '19:30:00', '22:00:00', 'ON_SALE', 255, 0),
-- Show 3: 《茶馆》话剧
( 5, 3, 1, '2026-05-15', '19:30:00', '21:30:00', 'ON_SALE', 255, 0),
( 6, 3, 1, '2026-05-16', '14:30:00', '16:30:00', 'ON_SALE', 255, 0),
-- Show 4: 《天鹅湖》芭蕾舞剧
( 7, 4, 1, '2026-05-19', '19:30:00', '21:30:00', 'ON_SALE', 255, 0),
( 8, 4, 1, '2026-05-20', '14:30:00', '16:30:00', 'ON_SALE', 255, 0),
-- Show 5: 《冰雪奇缘》冰上秀
( 9, 5, 1, '2026-05-22', '14:30:00', '16:00:00', 'ON_SALE', 255, 0),
(10, 5, 1, '2026-05-23', '19:30:00', '21:00:00', 'ON_SALE', 255, 0),
-- Show 6: 草间弥生艺术展
(11, 6, 1, '2026-05-25', '10:00:00', '18:00:00', 'ON_SALE', 255, 0),
(12, 6, 1, '2026-05-26', '10:00:00', '18:00:00', 'ON_SALE', 255, 0);

-- ============================================================
-- 9. Schedule Seat Prices (3 per schedule = 36 total)
-- VIP = max_price, STANDARD = mid-range, ECONOMY = min_price
-- ============================================================
INSERT INTO `schedule_seat_price` (`schedule_id`, `seat_type`, `price`) VALUES
-- Show 1 schedules (280-1680): VIP=1680, STANDARD=880, ECONOMY=280
( 1, 'VIP', 1680.00), ( 1, 'STANDARD',  880.00), ( 1, 'ECONOMY', 280.00),
( 2, 'VIP', 1680.00), ( 2, 'STANDARD',  880.00), ( 2, 'ECONOMY', 280.00),
-- Show 2 schedules (380-2080): VIP=2080, STANDARD=1080, ECONOMY=380
( 3, 'VIP', 2080.00), ( 3, 'STANDARD', 1080.00), ( 3, 'ECONOMY', 380.00),
( 4, 'VIP', 2080.00), ( 4, 'STANDARD', 1080.00), ( 4, 'ECONOMY', 380.00),
-- Show 3 schedules (180-880): VIP=880, STANDARD=480, ECONOMY=180
( 5, 'VIP',  880.00), ( 5, 'STANDARD',  480.00), ( 5, 'ECONOMY', 180.00),
( 6, 'VIP',  880.00), ( 6, 'STANDARD',  480.00), ( 6, 'ECONOMY', 180.00),
-- Show 4 schedules (280-1280): VIP=1280, STANDARD=680, ECONOMY=280
( 7, 'VIP', 1280.00), ( 7, 'STANDARD',  680.00), ( 7, 'ECONOMY', 280.00),
( 8, 'VIP', 1280.00), ( 8, 'STANDARD',  680.00), ( 8, 'ECONOMY', 280.00),
-- Show 5 schedules (180-580): VIP=580, STANDARD=380, ECONOMY=180
( 9, 'VIP',  580.00), ( 9, 'STANDARD',  380.00), ( 9, 'ECONOMY', 180.00),
(10, 'VIP',  580.00), (10, 'STANDARD',  380.00), (10, 'ECONOMY', 180.00),
-- Show 6 schedules (120-280): VIP=280, STANDARD=200, ECONOMY=120
(11, 'VIP',  280.00), (11, 'STANDARD',  200.00), (11, 'ECONOMY', 120.00),
(12, 'VIP',  280.00), (12, 'STANDARD',  200.00), (12, 'ECONOMY', 120.00);

-- ============================================================
-- 10. Show Tags (2-3 per show)
-- ============================================================
INSERT INTO `show_tag` (`show_id`, `tag_name`) VALUES
-- Show 1: 郎朗钢琴独奏音乐会
(1, '古典音乐'), (1, '钢琴'), (1, '大师演奏'),
-- Show 2: 周杰伦演唱会
(2, '流行音乐'), (2, '世界巡演'), (2, '华语天王'),
-- Show 3: 《茶馆》话剧
(3, '经典话剧'), (3, '老舍'), (3, '北京人艺'),
-- Show 4: 《天鹅湖》芭蕾舞剧
(4, '芭蕾舞'), (4, '经典名作'), (4, '柴可夫斯基'),
-- Show 5: 《冰雪奇缘》冰上秀
(5, '亲子'), (5, '迪士尼'), (5, '冰上表演'),
-- Show 6: 草间弥生艺术展
(6, '当代艺术'), (6, '沉浸式'), (6, '波点女王');

-- ============================================================
-- 11. Home Config
-- Shows 1-4 as FEATURED, shows 4-6 as UPCOMING
-- ============================================================
INSERT INTO `home_config` (`config_type`, `show_id`, `sort_order`, `status`) VALUES
('FEATURED', 1, 1, 1),
('FEATURED', 2, 2, 1),
('FEATURED', 3, 3, 1),
('FEATURED', 4, 4, 1),
('UPCOMING', 4, 1, 1),
('UPCOMING', 5, 2, 1),
('UPCOMING', 6, 3, 1);
